-- OscarWeb SQL

INSERT INTO ROLE(ID, NAME, DESCRIPTION, USER_CREATED, DATE_CREATED) VALUES(1, 'ROLE_USER', 'A role name for normal user', 'Admin.Oscar', CURRENT_TIMESTAMP);
INSERT INTO ROLE(ID, NAME, DESCRIPTION, USER_CREATED, DATE_CREATED) VALUES(2, 'ROLE_MANAGER', 'A role name for manager', 'Admin.Oscar', CURRENT_TIMESTAMP);
INSERT INTO ROLE(ID, NAME, DESCRIPTION, USER_CREATED, DATE_CREATED) VALUES(3, 'ROLE_ADMIN', 'A role name for administrator', 'Admin.Oscar', CURRENT_TIMESTAMP);
INSERT INTO ROLE(ID, NAME, DESCRIPTION, USER_CREATED, DATE_CREATED) VALUES(4, 'ROLE_DBA', 'A role name for database administrator', 'Admin.Oscar', CURRENT_TIMESTAMP);

INSERT INTO PERMISSION(ID, NAME, DESCRIPTION, USER_CREATED, DATE_CREATED) VALUES (1, 'ACCOUNT_READ', 'Account function readable permission', 'Admin.Oscar', CURRENT_TIMESTAMP);
INSERT INTO PERMISSION(ID, NAME, DESCRIPTION, USER_CREATED, DATE_CREATED) VALUES (2, 'ACCOUNT_INSERT', 'Account function persist permission', 'Admin.Oscar', CURRENT_TIMESTAMP);
INSERT INTO PERMISSION(ID, NAME, DESCRIPTION, USER_CREATED, DATE_CREATED) VALUES (3, 'ACCOUNT_UPDATE', 'Account function update permission', 'Admin.Oscar', CURRENT_TIMESTAMP);
INSERT INTO PERMISSION(ID, NAME, DESCRIPTION, USER_CREATED, DATE_CREATED) VALUES (4, 'ACCOUNT_DELETE', 'Account function delete permission', 'Admin.Oscar', CURRENT_TIMESTAMP);

-- Password=password
INSERT INTO ACCOUNT(ID, USERNAME, PASSWORD, FIRST_NAME, LAST_NAME, GENDER, BIRTHDAY, SALARY, EMAIL, ENABLED, ACCOUNT_NON_EXPIRED, ACCOUNT_NON_LOCKED, CREDENTIALS_NON_EXPIRED, USER_CREATED, DATE_CREATED) VALUES(1, 'oscarwei168@msn.com','$2a$10$YmA/03KxiDbuTUnMZe4DtOaERIRP7doqpG/dtlngPqElNBqkH4Cfa', 'Oscar', 'Wei', 0, STR_TO_DATE('10/23/2000','%m/%d/%Y'), 100000, 'oscarwei168@msn.com', TRUE, TRUE, TRUE, TRUE, 'Admin.Oscar', CURRENT_TIMESTAMP);
INSERT INTO ACCOUNT(ID, USERNAME, PASSWORD, FIRST_NAME, LAST_NAME, GENDER, BIRTHDAY, SALARY, EMAIL, ENABLED, ACCOUNT_NON_EXPIRED, ACCOUNT_NON_LOCKED, CREDENTIALS_NON_EXPIRED, USER_CREATED, DATE_CREATED) VALUES(2, 'somebody@gmail.com','$2a$10$YmA/03KxiDbuTUnMZe4DtOaERIRP7doqpG/dtlngPqElNBqkH4Cfa', 'Some', 'Body', 1, STR_TO_DATE('10/23/2000','%m/%d/%Y'), 50000, 'somebody@msn.com', TRUE, TRUE, TRUE, TRUE, 'Admin.Oscar', CURRENT_TIMESTAMP);

INSERT INTO ACCOUNT_ROLE(ID_ACCOUNT, ID_ROLE) VALUES(1, 1);
INSERT INTO ACCOUNT_ROLE(ID_ACCOUNT, ID_ROLE) VALUES(1, 2);
INSERT INTO ACCOUNT_ROLE(ID_ACCOUNT, ID_ROLE) VALUES(1, 3);

INSERT INTO ACCOUNT_ROLE(ID_ACCOUNT, ID_ROLE) VALUES(2, 1);

INSERT INTO ROLE_PERMISSION(ID_ROLE, ID_PERMISSION) VALUES (1, 1);
INSERT INTO ROLE_PERMISSION(ID_ROLE, ID_PERMISSION) VALUES (2, 1);
INSERT INTO ROLE_PERMISSION(ID_ROLE, ID_PERMISSION) VALUES (2, 2);
INSERT INTO ROLE_PERMISSION(ID_ROLE, ID_PERMISSION) VALUES (2, 3);
INSERT INTO ROLE_PERMISSION(ID_ROLE, ID_PERMISSION) VALUES (3, 1);
INSERT INTO ROLE_PERMISSION(ID_ROLE, ID_PERMISSION) VALUES (3, 2);
INSERT INTO ROLE_PERMISSION(ID_ROLE, ID_PERMISSION) VALUES (3, 3);
INSERT INTO ROLE_PERMISSION(ID_ROLE, ID_PERMISSION) VALUES (4, 1);
INSERT INTO ROLE_PERMISSION(ID_ROLE, ID_PERMISSION) VALUES (4, 2);
INSERT INTO ROLE_PERMISSION(ID_ROLE, ID_PERMISSION) VALUES (4, 3);
INSERT INTO ROLE_PERMISSION(ID_ROLE, ID_PERMISSION) VALUES (4, 4);
